herb_cn_name	herb_pinyin	herb_en_name	child_cn_name	child_en_name
矮地茶	Aidicha	Ardisiae Japonicae Herba	止咳平喘药	Antitussive Antiasthmetics
艾叶	Aiye	Folium Artemisiae Argyi	温经止血药	Channel-Warming Hemostatic
安息香	Anxixiang	Benzoinum	开窍药	Resuscitative Stimulant; Resuscitative Medicinal
八角茴香	Bajiaohuixiang	Anisi Stellati Fructus	温里药	Warming Interior Drugs
八角莲	Bajiaolian	Dysosmae Verspiellis Rhixoma Et Radix	清热解毒药	Antipyretic Detoxicate Drugs
巴豆	Badou	Crotonis Fructus	攻下药	Offensive Purgative Medicinal
巴戟天	Bajitian	Morindae Officinalis Radix	补阳药	Yang Reinforcing Drugs
菝葜	Baqia	Smilax China	祛风湿散寒药	Wind-Dampnessdispelling And Colddispersing Medicinal
白扁豆	Baibiandou	Lablab Semen Album	补气药	Qi Reinforcing Drugs
白附子	Baifuzi	Typhonii Rhizoma	化痰药	Phlegresolving Medicine
白果	Baiguo	Ginkgo Semen	止咳平喘药	Antitussive Antiasthmetics
白花菜子	Baihuacaizi	Semen Cleomis	祛风湿散寒药	Wind-Dampnessdispelling And Colddispersing Medicinal
白花蛇舌草	Baihuasheshecao	Hedyotis Diffusae Herba	清热解毒药	Antipyretic Detoxicate Drugs
白及	Baiji	Bletilla Striata (Thunb.Ex A.Murray)Rchb.F.	收敛止血药	Astringent Hemostatic Medicinal
白蔹	Bailian	Ampelopsis Japonica	清热解毒药	Antipyretic Detoxicate Drugs
白毛藤	Baimaoteng	Herba Solani Lyrati	清热解毒药	Antipyretic Detoxicate Drugs
白毛夏枯草	Baimaoxiakucao	Ajugae Decumbentis Herba	清热解毒药	Antipyretic Detoxicate Drugs
白茅根	Baimaogen	Imperatae Rhizoma	凉血止血药	Blood-Cooling Hemostatic Medicinal
白前	Baiqian	Cynanchistauntonii Rhizoma Et Radix	化痰药	Phlegresolving Medicine
白屈菜	Baiqucai	Chelidonii Herba	止咳平喘药	Antitussive Antiasthmetics
白芍	Baishao	Paeoniae Radix Alba	补血药	Blood-Tonifying Medicinal
白术	Baizhu	Atractylodes Macrocephala Koidz.	补气药	Qi Reinforcing Drugs
白头翁	Baitouweng	Pulsatilliae Radix	清热解毒药	Antipyretic Detoxicate Drugs
白薇	Baiwei	Radix Cynanchi	清虚热药	Asthenic Heat Dispelling Drugs
白鲜皮	Baixianpi	Dictamni Cortex	清热燥湿药	Heat-Clearing And Dampnessdrying Medicinal
白药子	Baiyaozi	Radix Stephaniae Cepharanthae.	清热解毒药	Antipyretic Detoxicate Drugs
白芷	Baizhi	A. Dahurica (Fisch.) Benth. Et Hook	辛温解表药	Pungent-Warm Exterior-Releasing Medicinal
百部	Baibu	Stemonae Radix	止咳平喘药	Antitussive Antiasthmetics
百合	Baihe	Lilii Bulbus	补阴药	Yin-Tonifying Medicinal
柏子仁	Baiziren	Platycladi Semen	安神药	Tranguilizing Medicinal
败酱草	Baijiangcao	Herba Patriniae	清热解毒药	Antipyretic Detoxicate Drugs
斑蝥	Banmao	Mylabris	活血祛瘀药	Blood Activating Stasis Removing Drugs
板蓝根	Banlangen	Isatidis Radix	清热解毒药	Antipyretic Detoxicate Drugs
半边莲	Banbianlian	Lobeliae Chinensis Herba	清热解毒药	Antipyretic Detoxicate Drugs
半夏	Banxia	Arum Ternatum Thunb.	化痰药	Phlegresolving Medicine
半枝莲	Banzhilian	Scutellariae Barbatae Herba	清热解毒药	Antipyretic Detoxicate Drugs
薄荷	Bohe	Menthae Herba	辛凉解表药	Pungent Cool Diaphoretics
北豆根	Beidougen	Menispermi Rhizoma	清热解毒药	Antipyretic Detoxicate Drugs
北刘寄奴	Beiliujinu	Siphonostegiae Herba	活血祛瘀药	Blood Activating Stasis Removing Drugs
北沙参	Beishashen	Glehniae Radix	补阴药	Yin-Tonifying Medicinal
北五味子	Beiwuweizi	Schisandrae Chinensis Fructus	收涩药	Astringent Medicinal
荜茇	Biba	Piperis Longi Fructus	温里药	Warming Interior Drugs
荜澄茄	Bichengqie	Litseae Fructus	温里药	Warming Interior Drugs
蓖麻子	Bimazie	Ricini Semen	拔毒化腐生肌药	External Medicinal (Draw Out Toxin, Resolve Putridity)
萹蓄	Bianxu	Polygoni Avicularis Herba	利水渗湿药	Diuretic Dampness Excreting Drugs
扁豆花	Biandouhua	Dolichos Lablab L	化湿药	Dampness Removing Drugs
槟榔	Binglang	Arecae Semen	驱虫药	Antiparasitic Drugs
冰片	Bingpian	Borneolum Syntheticum	开窍药	Resuscitative Stimulant; Resuscitative Medicinal
布渣叶	Buzhaye	Microctis Folium	拔毒化腐生肌药	External Medicinal (Draw Out Toxin, Resolve Putridity)
蚕沙	Cansha	Bombyx Mori L.	祛风湿散寒药	Wind-Dampnessdispelling And Colddispersing Medicinal
苍耳子	Cangerzi	Xanthii Fructus	辛温解表药	Pungent-Warm Exterior-Releasing Medicinal
苍术	Cangzhu	Atractylodes Lancea (Thunb.)Dc.	化湿药	Dampness Removing Drugs
草苁蓉	Caocongrong	Boschniakia Rossica Herba	补阳药	Yang Reinforcing Drugs
草果	Caoguo	Amomum Tsao-Ko Crevostet	化湿药	Dampness Removing Drugs
草乌	Caowu	Aconitum Kusnezoffii Reichb	祛风湿散寒药	Wind-Dampnessdispelling And Colddispersing Medicinal
草乌叶	Caowuye	Radix Aconiti Kusnezoffii	清热解毒药	Antipyretic Detoxicate Drugs
侧柏叶	Cebaiye	Platycladi Cacumen	凉血止血药	Blood-Cooling Hemostatic Medicinal
柴胡	Chaihu	Radix Bupleuri	辛凉解表药	Pungent Cool Diaphoretics
蝉蜕	Chantui	Cicadae Periostracum	辛凉解表药	Pungent Cool Diaphoretics
常山	Changshan	Dichroae Radix	涌吐药	Emetic Medicinal
车前草	Cheqiancao	Plantaginis Herba	利水渗湿药	Diuretic Dampness Excreting Drugs
车前子	Cheqianzi	Plantaginis Semen	利水渗湿药	Diuretic Dampness Excreting Drugs
沉香	Chenxiang	Linderae Radix	理气药	Qi Regulating Drugs
陈皮	Chenpi	Citrus Reticulata	理气药	Qi Regulating Drugs
赤芍	Chishao	Radix Paeoniae Rubra	清热凉血药	Heat Clearing Blood Cooling Drugs
赤小豆	Chixiaodou	Phaseoli Semen	利水渗湿药	Diuretic Dampness Excreting Drugs
茺蔚子	Chongweizi	Leonuri Fructus	活血祛瘀药	Blood Activating Stasis Removing Drugs
臭梧桐	Chouwutong	Clerodendrum Trichotomum Thunb	祛风湿清热药	Wind-Dampnessdispelling And Heatclearing Medicinal
楮实子	Chushiziu	Broussonetiae Fructus	补阴药	Yin-Tonifying Medicinal
川贝母	Chuanbeimu	Fritiliariae Irrhosae Bulbus	化痰药	Phlegresolving Medicine
川槿皮	Chuanjinpi	Cortex Hibisci	清热解毒药	Antipyretic Detoxicate Drugs
川楝子	Chuanlianzi	Toosendan Fructus	理气药	Qi Regulating Drugs
川木通	Chuanmutong	Clematidis Armandii Caulis	利水渗湿药	Diuretic Dampness Excreting Drugs
川牛膝	Chuanniuxi	Cyathulae Radix	活血祛瘀药	Blood Activating Stasis Removing Drugs
川射干	Chuanshegan	Iridis Tectori Rhizoma	清热解毒药	Antipyretic Detoxicate Drugs
川乌	Chuanwu	Aconiti Radix	祛风湿散寒药	Wind-Dampnessdispelling And Colddispersing Medicinal
川芎	Chuanxiong	Chuanxiong Rhizoma	活血祛瘀药	Blood Activating Stasis Removing Drugs
穿山龙	Chuanshanlong	Rhizoma Dioscoreae Nipponicae	祛风湿清热药	Wind-Dampnessdispelling And Heatclearing Medicinal
穿心莲	Chuanxinlian	Andrographis Herba	清热解毒药	Antipyretic Detoxicate Drugs
垂盆草	Chuipencao	Sedi Herba	清热解毒药	Antipyretic Detoxicate Drugs
椿皮	Chunpi	Ailanthi Cortex	清热燥湿药	Heat-Clearing And Dampnessdrying Medicinal
葱白	Congbai	Allii Fistulost Bulbus	辛温解表药	Pungent-Warm Exterior-Releasing Medicinal
大风子	Dafengzi	Hydnocarpi Anthelminticae Semen	解毒杀虫燥湿止痒药	Medicinal For Detoxification、Parasiticide、Drying Dampness And Relieving Itching
大腹皮	Dafupi	Areca Catechu L.	理气药	Qi Regulating Drugs
大黄	Dahuang	Radix Rhei Et Rhizome	攻下药	Offensive Purgative Medicinal
大蓟	Daji	Radix Cirsii Japonici	凉血止血药	Blood-Cooling Hemostatic Medicinal
大青叶	Daqingye	Isatidis Folium	清热解毒药	Antipyretic Detoxicate Drugs
大蒜	Dasuan	Allii Sativi Bulbus	解毒杀虫燥湿止痒药	Medicinal For Detoxification、Parasiticide、Drying Dampness And Relieving Itching
大血藤	Daxueteng	Sargentodoxae Caulis	清热解毒药	Antipyretic Detoxicate Drugs
大枣	Dazao	Jujubae Fructus	补气药	Qi Reinforcing Drugs
大皂荚	Dazaojia	Gleditsiae Fructus	化痰药	Phlegresolving Medicine
玳玳花	Daidaihua	Citrus Aurantium	理气药	Qi Regulating Drugs
丹参	Danshen	Radix Salviae	活血祛瘀药	Blood Activating Stasis Removing Drugs
淡豆豉	Dandouchi	Sojae Semen Praeparatum	辛凉解表药	Pungent Cool Diaphoretics
当归	Danggui	Angelicae Sinensis Radix	补血药	Blood-Tonifying Medicinal
党参	Dangshen	Codonopsis Radix	补气药	Qi Reinforcing Drugs
刀豆	Daodou	Canavaliae Semen	理气药	Qi Regulating Drugs
倒扣草	Daokoucao	Achyranthis Asperae Herba	活血祛瘀药	Blood Activating Stasis Removing Drugs
灯心草	Dengxincao	Junci Medulla	利水渗湿药	Diuretic Dampness Excreting Drugs
地耳草	Diercao	Hyperici Japonici Herber	利水渗湿药	Diuretic Dampness Excreting Drugs
地枫皮	Difengpi	Illicium Difengpi K. L. B. Et K. I. M.	祛风湿散寒药	Wind-Dampnessdispelling And Colddispersing Medicinal
地肤子	Difuzi	Kochiae Fructus	利水渗湿药	Diuretic Dampness Excreting Drugs
地骨皮	Digupi	Lycii Cortex	清虚热药	Asthenic Heat Dispelling Drugs
地锦草	Dijincao	Euphorbiae Humifusae Herba	清热解毒药	Antipyretic Detoxicate Drugs
地榆	Diyu	Radix Sanguisorbae	凉血止血药	Blood-Cooling Hemostatic Medicinal
丁公藤	Dinggongteng	Erycibe Obtusifolia Benth	祛风湿散寒药	Wind-Dampnessdispelling And Colddispersing Medicinal
丁香	Dingxiang	Caryophylliflos	温里药	Warming Interior Drugs
冬虫夏草	Dongchongxiacao	Corayceps	补阳药	Yang Reinforcing Drugs
冬瓜皮	Dongguapi	Benincasae Exocarpium	利水渗湿药	Diuretic Dampness Excreting Drugs
冬瓜子	Dongguazi	Benincasae Semen	化痰药	Phlegresolving Medicine
冬葵果	Dongkuiguo	Malvae Fructus	拔毒化腐生肌药	External Medicinal (Draw Out Toxin, Resolve Putridity)
豆蔻	Doukou	Alpinia Katsumadai Hayat	化湿药	Dampness Removing Drugs
独活	Duhuo	Radix Angelicae Biseratae	祛风湿散寒药	Wind-Dampnessdispelling And Colddispersing Medicinal
杜仲	Duzhong	Eucommiae Cortex	补阳药	Yang Reinforcing Drugs
杜仲叶	Duzhongye	Eucommiae Folium	拔毒化腐生肌药	External Medicinal (Draw Out Toxin, Resolve Putridity)
断血流	Duanxueliu	Herba Clinopodii Polycephali.	凉血止血药	Blood-Cooling Hemostatic Medicinal
莪术	Ezhu	Curcumae Rhizoma	活血祛瘀药	Blood Activating Stasis Removing Drugs
鹅不食草	Ebushicao	Centipedae Herba	辛温解表药	Pungent-Warm Exterior-Releasing Medicinal
儿茶	Ercha	Catechu	活血祛瘀药	Blood Activating Stasis Removing Drugs
番泻叶	Fanxieye	Sennae Folium	攻下药	Offensive Purgative Medicinal
翻白草	Fanbaicao	Potentillae Discoloris Herba	清热解毒药	Antipyretic Detoxicate Drugs
防风	Fangfeng	Saposhnikoviae Radix	辛温解表药	Pungent-Warm Exterior-Releasing Medicinal
防己	Fangji	Stephaniae Tetrandrae Radix	祛风湿清热药	Wind-Dampnessdispelling And Heatclearing Medicinal
粉萆薢	Fenbixie	Dioscoreae Hypoglaucae Rhizoma	利水渗湿药	Diuretic Dampness Excreting Drugs
凤尾草	Fengweicao	Pteridis Multifidae Herba	清热解毒药	Antipyretic Detoxicate Drugs
凤仙透骨草	Fengxiantougucao	Impatiens Balsamina	祛风湿散寒药	Wind-Dampnessdispelling And Colddispersing Medicinal
凤眼草	Fengyancao	Ailanthi Altissimae Fructus	清热解毒药	Antipyretic Detoxicate Drugs
佛手	Foshou	Citri Sarcodactylis Fructus	理气药	Qi Regulating Drugs
茯苓	Fuling	Poria Cocos(Schw.) Wolf.	利水渗湿药	Diuretic Dampness Excreting Drugs
浮萍	Fuping	Spirodelae Herba	辛凉解表药	Pungent Cool Diaphoretics
附子	Fuzi	Aconiti Lateralis Radix Praeparata	温里药	Warming Interior Drugs
覆盆子	Fupenzi	Rubi Fructus	收涩药	Astringent Medicinal
甘草	Gancao	licorice	补气药	Qi Reinforcing Drugs
甘松	Gansong	Nardostachyos Radix Et Rhizoma	理气药	Qi Regulating Drugs
甘遂	Gansui	Kansui Radix	通水药	Drastic Purgatives
干姜	Ganjiang	Zingiberis Rhizoma	温里药	Warming Interior Drugs
高良姜	Gaoliangjiang	Alpiniae Officinarum Rhizome	温里药	Warming Interior Drugs
藁本	Gaoben	Ligustici Rhizoma Et Radix	辛温解表药	Pungent-Warm Exterior-Releasing Medicinal
葛花	Gehua	Puerariae Flos	辛凉解表药	Pungent Cool Diaphoretics
功劳木	Gonglaomu	Mahoniae Caulis	清热解毒药	Antipyretic Detoxicate Drugs
钩藤	Gouteng	Uncariae Ramulus Cumuncis	平肝熄风药	Liver-Pacifying Wind-Extinguishing Medicinal
枸骨叶	Gouguye	Folium Ilicis Cornutae	清虚热药	Asthenic Heat Dispelling Drugs
枸杞子	Gouqizi	Lycii Fructus	补阴药	Yin-Tonifying Medicinal
谷精草	Gujingcao	Eriocauli Flos	清热泻火药	Fire Purging Drugs
骨碎补	Gusuibu	Drynariae Rhizoma	补阳药	Yang Reinforcing Drugs
瓜蒂	Guadi	Calyx Cucumis	涌吐药	Emetic Medicinal
瓜蒌	Gualou	Trichosanthes Kirilowii Maxim	化痰药	Phlegresolving Medicine
关黄柏	Guanhuangbo	Phellodendri Amurensis Cortex	清热燥湿药	Heat-Clearing And Dampnessdrying Medicinal
贯叶金丝桃	Guanyejinsitao	Herbahypericiperforati	收敛止血药	Astringent Hemostatic Medicinal
贯众	Guanzhong	Fortunes Bossfern Rhizome	清热解毒药	Antipyretic Detoxicate Drugs
广藿香	Guanghuoxiang	Pogostemon Cablin (Blanco) Benth.	化湿药	Dampness Removing Drugs
广枣	Guangzao	Choerospondiatis Fructus	活血祛瘀药	Blood Activating Stasis Removing Drugs
鬼箭羽	Guijianyu	Euonymi Alati Ramulus	活血祛瘀药	Blood Activating Stasis Removing Drugs
鬼针草	Guizhencao	Bidentis Bipinnatae Herba	清热解毒药	Antipyretic Detoxicate Drugs
桂枝	Guizhi	Cinnamomi Ramulus	辛温解表药	Pungent-Warm Exterior-Releasing Medicinal
海风藤	Haifengteng	Caulis Piperis Kadsurae	祛风湿散寒药	Wind-Dampnessdispelling And Colddispersing Medicinal
海金沙	Haijinsha	Lygodii Spora	利水渗湿药	Diuretic Dampness Excreting Drugs
海桐皮	Haitongpi	Cortex Erythrinae	祛风湿清热药	Wind-Dampnessdispelling And Heatclearing Medicinal
海藻	Haizao	Sargassum	化痰药	Phlegresolving Medicine
诃子	Hezi	Chebulae Fructus	收涩药	Astringent Medicinal
荷叶	Heye	Folium Nelumbinis	清热解毒药	Antipyretic Detoxicate Drugs
核桃仁	Hetaoren	Juglandis Semen	补阳药	Yang Reinforcing Drugs
鹤虱	Heshi	Carpesiumabrotanoidesl.	驱虫药	Antiparasitic Drugs
黑豆	Heidou	Sojae Semen Nigrum	补阴药	Yin-Tonifying Medicinal
黑老虎	Heilaohu	Kadsurae Coccineae Radix Et Caulis	理气药	Qi Regulating Drugs
黑芝麻	Heizhima	Sesami Nigrum Semen	补阴药	Yin-Tonifying Medicinal
红参	Hongshen	Ginsen Radix Et Rhizoma Rubra	补气药	Qi Reinforcing Drugs
红花	Honghua	Carthami Flos	活血祛瘀药	Blood Activating Stasis Removing Drugs
红芪	Hongqi	Hedysari Radix	补气药	Qi Reinforcing Drugs
猴枣	Houzao	Macacae Calcalus Gasteris	化痰药	Phlegresolving Medicine
厚朴	Houpu	Magnolia Officinalis Rehd Et Wils．	化湿药	Dampness Removing Drugs
胡黄连	Huhuanglian	Picrorhizae Rhizoma	清虚热药	Asthenic Heat Dispelling Drugs
胡椒	Hujiao	Piperis Fructus	温里药	Warming Interior Drugs
胡芦巴	Huluba	Trigonellae Semen	补阳药	Yang Reinforcing Drugs
槲寄生	Hujisheng	Viscum Angulatum Heyne	祛风湿筋骨药	Wind-Damp-Dispelling And Sinew-Bone-Strengthening Medicinal
虎耳草	Huercao	Saxifraga Stolonifera	清热解毒药	Antipyretic Detoxicate Drugs
虎杖	Huzhang	Polygoni Cuspidati Rhizoma Et Radix	利水渗湿药	Diuretic Dampness Excreting Drugs
花椒	Huajiao	Zanthoxyli Pericarpium	温里药	Warming Interior Drugs
花生衣	Huashengyi	Peanut Skin	收敛止血药	Astringent Hemostatic Medicinal
华山参	Huashanshen	Physochlainae Radix	止咳平喘药	Antitussive Antiasthmetics
化橘红	Huajuhong	Citri Grandis Exocarpium	理气药	Qi Regulating Drugs
槐花	Huaihua	Sophora Japonica L.	凉血止血药	Blood-Cooling Hemostatic Medicinal
槐角	Huaijiao	Fructussophorae	凉血止血药	Blood-Cooling Hemostatic Medicinal
黄柏	Huangbo	Phellodendri Chinrnsis Cortex	清热燥湿药	Heat-Clearing And Dampnessdrying Medicinal
黄精	Huangjing	Polygonati Rhizoma	补阴药	Yin-Tonifying Medicinal
黄连	Huanglian	Coptidis Rhizoma	清热燥湿药	Heat-Clearing And Dampnessdrying Medicinal
黄芪	Huangqi	Hedysarum Multijugum Maxim.	补气药	Qi Reinforcing Drugs
黄芩	Huangqin	Scutellariae Radix	清热燥湿药	Heat-Clearing And Dampnessdrying Medicinal
黄药子	Huangyaozi	Dioscoreaebulbiferae	化痰药	Phlegresolving Medicine
火麻仁	Huomaren	Cannabis Sativa L.	润下药	Laxatives
鸡骨草	Jigucao	Abri Herba	利水渗湿药	Diuretic Dampness Excreting Drugs
鸡冠花	Jiguanhua	Celosia Cristata L.	收敛止血药	Astringent Hemostatic Medicinal
鸡屎藤	Jishiteng	Paederiae Scandentis Herba	消食药	Digestants
鸡血藤	Jixueteng	Spatholobus Suberectus Dunn	活血祛瘀药	Blood Activating Stasis Removing Drugs
积雪草	Jixuecao	Centella Asiatica (L.) Urban[Hydro-Cotyle Asiatica L.]	清热解毒药	Antipyretic Detoxicate Drugs
急性子	Jixingzi	Impatientis Semen	活血祛瘀药	Blood Activating Stasis Removing Drugs
蒺藜	Jili	Tribulifructus	平肝熄风药	Liver-Pacifying Wind-Extinguishing Medicinal
姜黄	Jianghuang	Curcumaelongae Rhizoma	活血祛瘀药	Blood Activating Stasis Removing Drugs
降香	Jiangxiang	Dalbergiae Odoriferae Lignum	理气药	Qi Regulating Drugs
绞股蓝	Jiaoguolan	Gynostemmae Pentaphylli Herba	补气药	Qi Reinforcing Drugs
芥子	Jiezi	Sinapis Semen	化痰药	Phlegresolving Medicine
金沸草	Jinfeicao	Inulae Herba	化痰药	Phlegresolving Medicine
金果揽	Jinguolan	Tinosporae Radix	清热解毒药	Antipyretic Detoxicate Drugs
金莲花	Jinlianhua	Trollius Chinensis	清热解毒药	Antipyretic Detoxicate Drugs
金钱草	Jinqiancao	Lysimachiae Herba	利水渗湿药	Diuretic Dampness Excreting Drugs
金荞麦	Jinqiaomai	Rhizoma Fagopyri Cymosi	清热解毒药	Antipyretic Detoxicate Drugs
金银花	Jinyinhua	Lonicerae Japonicae Flos	清热解毒药	Antipyretic Detoxicate Drugs
金樱子	Jinyingzi	Rosae Laevigatae Fructus	收涩药	Astringent Medicinal
金盏菊花	Jinzhanjuhua	Calendula Officinalis	凉血止血药	Blood-Cooling Hemostatic Medicinal
锦灯笼	Jindenglong	Calyx Seu Fructus Physalis	清热解毒药	Antipyretic Detoxicate Drugs
京大戟	Jingdaji	Radix Euphorbiae Pekinensis	通水药	Drastic Purgatives
荆芥	Jingjie	Schizonepetae Herba	辛温解表药	Pungent-Warm Exterior-Releasing Medicinal
荆芥穗	Jingjiesui	Schizonepetae Spica	辛温解表药	Pungent-Warm Exterior-Releasing Medicinal
景天三七	Jintiansanqi	Sedum Aizoon L.	化瘀止血药	Stasis-Resolving Hemostatic Medicinal
韭菜子	Jiucaizi	Allii Tuberosi Semen	补阳药	Yang Reinforcing Drugs
桔梗	Jiegeng	Platycodon Grandiforus	化痰药	Phlegresolving Medicine
菊花	Juhua	Chrysanthemi Flos	辛凉解表药	Pungent Cool Diaphoretics
菊苣	Juju	Cichorii Radix	拔毒化腐生肌药	External Medicinal (Draw Out Toxin, Resolve Putridity)
橘核	Juhe	Citri Reticulatae Semen	理气药	Qi Regulating Drugs
橘红	Juhong	Citri Exocarpium Rubrum	理气药	Qi Regulating Drugs
橘络	Juluo	Citri Fructus Retinervus	理气药	Qi Regulating Drugs
橘叶	Juye	Citri Reticulatae Folium	理气药	Qi Regulating Drugs
卷柏	Juanbai	Herba Selaginellae Moellendorfii	化瘀止血药	Stasis-Resolving Hemostatic Medicinal
决明子	Juemingzi	Cassiae Semen	清热泻火药	Fire Purging Drugs
苦参	Kushen	Sophorae Flavescentis Radix	清热燥湿药	Heat-Clearing And Dampnessdrying Medicinal
苦地丁	Kudiding	Corydalis Bungeanae Herba	清热解毒药	Antipyretic Detoxicate Drugs
苦丁茶	Kudingcha	Ilicis Cornutae Folium Immayuri	清热泻火药	Fire Purging Drugs
苦楝皮	Kulianpi	Meliae Cortex	驱虫药	Antiparasitic Drugs
苦楝子	Kulianzi	Meliae Azedarach Fructus	驱虫药	Antiparasitic Drugs
苦杏仁	Kuxingren	Amygdalus Communis Vas	止咳平喘药	Antitussive Antiasthmetics
款冬花	Kuandonghua	Farfarae Flos	止咳平喘药	Antitussive Antiasthmetics
昆布	Kunbu	Thalluslaminariae	化痰药	Phlegresolving Medicine
辣椒	Lajiao	Capsici Fructus	拔毒化腐生肌药	External Medicinal (Draw Out Toxin, Resolve Putridity)
莱菔子	Laifuzi	Raphani Semen	消食药	Digestants
老鹳草	Laoguancao	Geranium Wilfordii Maxim.	祛风湿散寒药	Wind-Dampnessdispelling And Colddispersing Medicinal
了哥王根	Liaogewanggen	Wikstroemiae Indicae Rasix	清热解毒药	Antipyretic Detoxicate Drugs
雷公藤	Leigongteng	Tripterygii Radix	祛风湿散寒药	Wind-Dampnessdispelling And Colddispersing Medicinal
雷丸	Leiwan	Omphalia	驱虫药	Antiparasitic Drugs
荔枝核	Lizhihe	Litchi Semen	理气药	Qi Regulating Drugs
连钱草	Lianqiancao	Glechomae Herba	利水渗湿药	Diuretic Dampness Excreting Drugs
连翘	Lianqiao	Forsythiae Fructus	清热解毒药	Antipyretic Detoxicate Drugs
莲房	Lianfang	Receptaculum Nelumbinis	收敛止血药	Astringent Hemostatic Medicinal
莲须	Lianxu	Nelumbinis Stamen	收涩药	Astringent Medicinal
莲子心	Lianzixin	Nelumbinis Plumula	收涩药	Astringent Medicinal
两面针	Liangmianzhen	Zanthoxylum Nitidum	祛风湿散寒药	Wind-Dampnessdispelling And Colddispersing Medicinal
两头尖	Liangtoujian	Rhizoma Anemones Raddeanae	祛风湿散寒药	Wind-Dampnessdispelling And Colddispersing Medicinal
蓼大青叶	Liaodaqingye	Polygoni Tinctorii Foliu	清热解毒药	Antipyretic Detoxicate Drugs
灵芝	Lingzhi	Ganoderma	补气药	Qi Reinforcing Drugs
凌霄花	Lingxiaohua	Campsis Flos	活血祛瘀药	Blood Activating Stasis Removing Drugs
零陵香	Linglingxiang	Lysimachiae Foenigraeci Herba	辛温解表药	Pungent-Warm Exterior-Releasing Medicinal
龙胆	Longdan	Gentianae Radix Et Rhozima	清热燥湿药	Heat-Clearing And Dampnessdrying Medicinal
龙葵	Longkui	Solanum Nigrum Linn.	清热解毒药	Antipyretic Detoxicate Drugs
龙脷叶	Longliye	Aauropi Folium	拔毒化腐生肌药	External Medicinal (Draw Out Toxin, Resolve Putridity)
漏芦	Loulu	Rhapontici Radix	清热解毒药	Antipyretic Detoxicate Drugs
芦根	Lugen	Phragmitis Rhizoma	清热泻火药	Fire Purging Drugs
芦荟	Luhui	Aloe	攻下药	Offensive Purgative Medicinal
鹿衔草	Luxiancao	Herba Pyrolae	祛风湿散寒药	Wind-Dampnessdispelling And Colddispersing Medicinal
路路通	Lulutong	Fructuslipuidambaris	祛风湿散寒药	Wind-Dampnessdispelling And Colddispersing Medicinal
罗布麻叶	Luobumaye	Apocyniveneti Folium	平肝熄风药	Liver-Pacifying Wind-Extinguishing Medicinal
罗汉果	Luohanguo	Momordicae Fructus	化痰药	Phlegresolving Medicine
络石藤	Luoshiteng	Trachelospermumjasminoides	祛风湿清热药	Wind-Dampnessdispelling And Heatclearing Medicinal
绿豆	Lvdou	Vigna Radiata	清热解毒药	Antipyretic Detoxicate Drugs
葎草	Lvcao	Humulus Scandens (Lour.) Merr.	清热解毒药	Antipyretic Detoxicate Drugs
麻黄	Mahuang	Ephedra Herba	辛温解表药	Pungent-Warm Exterior-Releasing Medicinal
麻黄根	Mahuanggen	Ephedrae Radix Et Rhizoma	收涩药	Astringent Medicinal
马鞭草	Mabiancao	Verbenae Herb	活血祛瘀药	Blood Activating Stasis Removing Drugs
马勃	Mabo	Lasiosphaera Seu Calvatia	清热解毒药	Antipyretic Detoxicate Drugs
马齿苋	Machixian	Portulacae Herba	清热解毒药	Antipyretic Detoxicate Drugs
马兜铃	Madouling	Aristolochiae Fructus	止咳平喘药	Antitussive Antiasthmetics
马钱子	Maqianzi	Strychni Semen	祛风湿散寒药	Wind-Dampnessdispelling And Colddispersing Medicinal
马尾莲	Maweilian	Thalictri Glandulosissimi Et	清热燥湿药	Heat-Clearing And Dampnessdrying Medicinal
麦芽	Maiya	Hordei Fructus Germinatus	消食药	Digestants
满山红	Manshanhong	Rhododendri Daurici Folium	止咳平喘药	Antitussive Antiasthmetics
蔓荆子	Manjingzi	Viticis Fructus	辛凉解表药	Pungent Cool Diaphoretics
猫眼草	Maoyancao	Lunulatae Herba	化痰药	Phlegresolving Medicine
猫爪草	Maozhaocao	Ranunculi Ternati Radix	清热解毒药	Antipyretic Detoxicate Drugs
没药	Moyao	Myrrha	活血祛瘀药	Blood Activating Stasis Removing Drugs
玫瑰花	Meiguihua	Rose Rugosae Flos	理气药	Qi Regulating Drugs
梅花	Meihua	Mume Flos	理气药	Qi Regulating Drugs
猕猴桃根	Mihoutaogen	Actinidia Chinensis Planch	清热解毒药	Antipyretic Detoxicate Drugs
密蒙花	Mimenghua	Buddlejae Flos	清热泻火药	Fire Purging Drugs
绵萆薢	Mianbixie	Dioscoreae Septemlo Bae Rhizoma	利水渗湿药	Diuretic Dampness Excreting Drugs
墨旱莲	Mohanlian	Ecliptae Herba	补阴药	Yin-Tonifying Medicinal
牡丹皮	Mudanpi	Cortex Moutan	清热凉血药	Heat Clearing Blood Cooling Drugs
牡荆叶	Mujingye	Viticis Negundo Folium	辛凉解表药	Pungent Cool Diaphoretics
牡荆子	Mujingzi	Viticis Cannabifoliae Fructus	止咳平喘药	Antitussive Antiasthmetics
木鳖子	Mubiezi	Momordicae Semen	拔毒化腐生肌药	External Medicinal (Draw Out Toxin, Resolve Putridity)
木瓜	Mugau	Chaenomeles Sinensis (Thouin) Koehne	祛风湿散寒药	Wind-Dampnessdispelling And Colddispersing Medicinal
木蝴蝶	Muhudie	Oroxyli Semen	清热解毒药	Antipyretic Detoxicate Drugs
木棉花	Mumianhua	Gossampiniflos	拔毒化腐生肌药	External Medicinal (Draw Out Toxin, Resolve Putridity)
木通	Mutong	Caulis Akebiae	利水渗湿药	Diuretic Dampness Excreting Drugs
木香	Muxiang	Aucklandiae Radix	理气药	Qi Regulating Drugs
木贼	Muzei	Equiseti Hiemalis Herba	辛凉解表药	Pungent Cool Diaphoretics
墓头回	Mutouhui	Et Radix Patriniae Rhizoma	清热解毒药	Antipyretic Detoxicate Drugs
南瓜子	Nanguazi	Cucurbitae Moschatae Semen	驱虫药	Antiparasitic Drugs
南鹤虱	Nanheshi	Fructus Carotae	驱虫药	Antiparasitic Drugs
南沙参	Nanshashen	Adenophprae Ae Radix	补阴药	Yin-Tonifying Medicinal
南蛇藤果	Nanshetengguo	Celastri Orbiculati Fructus	安神药	Tranguilizing Medicinal
南五味子	Nawuweizi	Schisandrae Sphenantherae Fructus	收涩药	Astringent Medicinal
闹羊花	Naoyanghua	Rhododendronmolle	祛风湿散寒药	Wind-Dampnessdispelling And Colddispersing Medicinal
牛蒡子	Niubangzi	Fructus Arctii	辛凉解表药	Pungent Cool Diaphoretics
牛大力	Niudali	Millettiae Speciosae Radix	止咳平喘药	Antitussive Antiasthmetics
牛黄	Niuhuang	Bovis Calculus	开窍药	Resuscitative Stimulant; Resuscitative Medicinal
牛膝	Niuxi	Achyranthis Bidentatae Radix	活血祛瘀药	Blood Activating Stasis Removing Drugs
糯稻根	Nuodaogen	Oryzae Glutinosae Radix	收涩药	Astringent Medicinal
女贞子	Nvzhenzi	Fructus Ligustri Lucidi	补阴药	Yin-Tonifying Medicinal
藕节	Oujie	Nodus Nelumbinis Rhizomatis	收敛止血药	Astringent Hemostatic Medicinal
胖大海	Pangdahai	Sterculiae Lychnophorae Semen	化痰药	Phlegresolving Medicine
佩兰	Peilan	Eupatorium Fortunei Turcz	化湿药	Dampness Removing Drugs
枇杷叶	Pipaye	Eriobotryae Folium	止咳平喘药	Antitussive Antiasthmetics
平贝母	Pingbeimu	Fritillariaeussuriensis Bulbus	化痰药	Phlegresolving Medicine
蒲黄	Puhuang	Pollen Typhae	化瘀止血药	Stasis-Resolving Hemostatic Medicinal
荠菜	Jicai	Capsellae Herba	利水渗湿药	Diuretic Dampness Excreting Drugs
千斤拔	Qianjinba	Flemingia Prostrata Roxb	祛风湿筋骨药	Wind-Damp-Dispelling And Sinew-Bone-Strengthening Medicinal
千金子	Qianjinzi	Semen Euphorbiae	通水药	Drastic Purgatives
千年健	Qiannianjian	Homalomena Occulta (Lour.) Schott	祛风湿筋骨药	Wind-Damp-Dispelling And Sinew-Bone-Strengthening Medicinal
千日红	Qianrihong	Gomphrenae Globosae Flos Seu Herba	止咳平喘药	Antitussive Antiasthmetics
牵牛子	Qianniuzi	Semen Pharbitidis	通水药	Drastic Purgatives
前胡	Qianhu	Peucedani Radix	化痰药	Phlegresolving Medicine
芡实	Qianshi	Euryales Semen	收涩药	Astringent Medicinal
茜草	Qiancao	Rubia Cordifolia	化瘀止血药	Stasis-Resolving Hemostatic Medicinal
羌活	Qianghuo	Notopterygii Rhizoma Et Radix	辛温解表药	Pungent-Warm Exterior-Releasing Medicinal
茄根	Qiegeng	Solanum Melongena L	祛风湿清热药	Wind-Dampnessdispelling And Heatclearing Medicinal
秦艽	Qinjia	Gentiana Macrophylla Pall	祛风湿清热药	Wind-Dampnessdispelling And Heatclearing Medicinal
秦皮	Qinpi	Fraxini Cortex	清热燥湿药	Heat-Clearing And Dampnessdrying Medicinal
青黛	Qingdai	Indigo Naturalis	清热解毒药	Antipyretic Detoxicate Drugs
青风藤	Qingfengteng	Caulis Sinomenii	祛风湿散寒药	Wind-Dampnessdispelling And Colddispersing Medicinal
青果	Qingguo	Canarii Fructus	清热解毒药	Antipyretic Detoxicate Drugs
青蒿	Qinghao	Artemisia Annua L.	清虚热药	Asthenic Heat Dispelling Drugs
青皮	Qingpi	Citri Reticulatae Pericarpium Viride	理气药	Qi Regulating Drugs
青葙子	Qingxiangzi	Celosiae Semen	清热泻火药	Fire Purging Drugs
青叶胆	Qingyedan	Swertiae Mileensis Herba	利水渗湿药	Diuretic Dampness Excreting Drugs
苘麻子	Qingmazi	Abutili Semen	利水渗湿药	Diuretic Dampness Excreting Drugs
瞿麦	Qumai	Dianthi Herba	利水渗湿药	Diuretic Dampness Excreting Drugs
拳参	Quanshen	Bistortae Rhizoma	清热解毒药	Antipyretic Detoxicate Drugs
人参	Renshen	Panax Ginseng C. A. Mey.	补气药	Qi Reinforcing Drugs
人参叶	Renshenye	Ginseng Folium	补气药	Qi Reinforcing Drugs
肉苁蓉	Roucongrong	Cistanches Herba	补阳药	Yang Reinforcing Drugs
肉豆蔻	Roudoukou	Myristicae Semen	收涩药	Astringent Medicinal
肉桂	Rougui	Cinnanmomi Cortex	温里药	Warming Interior Drugs
乳香	Ruxiang	Olibanun	活血祛瘀药	Blood Activating Stasis Removing Drugs
蕤仁	Ruiren	Prinsepiae Nux	辛凉解表药	Pungent Cool Diaphoretics
三白草	Sanbaicao	Saururi Herba	利水渗湿药	Diuretic Dampness Excreting Drugs
三分三	Sanfensan	Anisodus Acutangulus C. Y. Wu Et C .Chen Ex C. Che	祛风湿散寒药	Wind-Dampnessdispelling And Colddispersing Medicinal
三棱	Sanleng	Sparganii Rhizoma	活血祛瘀药	Blood Activating Stasis Removing Drugs
三七	Sanqi	Panax Notoginseng (Burk.) F. H. Chen Ex C. Chow	化瘀止血药	Stasis-Resolving Hemostatic Medicinal
三七花	Sanqihua	Notoginseng Flos	清热解毒药	Antipyretic Detoxicate Drugs
桑白皮	Sangbaipi	Mori Cortex	止咳平喘药	Antitussive Antiasthmetics
桑寄生	Sangjisheng	Herba Taxilli	祛风湿筋骨药	Wind-Damp-Dispelling And Sinew-Bone-Strengthening Medicinal
桑椹	Sangsheng	Mori Fructus	补阴药	Yin-Tonifying Medicinal
桑叶	Sangye	Mori Follum	辛凉解表药	Pungent Cool Diaphoretics
桑枝	Sangzhi	Ramulus Mori	祛风湿清热药	Wind-Dampnessdispelling And Heatclearing Medicinal
沙棘	Shaji	Hippophae Fructus	化痰药	Phlegresolving Medicine
沙苑子	Shayuanzi	Astragali Cpmplanatisemen	补阳药	Yang Reinforcing Drugs
砂仁	Sharen	Amomum Aurantiacum H. T. Tsai Et S. W. Zhao	化湿药	Dampness Removing Drugs
山慈菇	Shancigu	Pseudobulbus Cremastrae Seu Pleiones	清热解毒药	Antipyretic Detoxicate Drugs
山豆根	Shandougen	Sophorae Tonkinensis Radix Et Rhizome	清热解毒药	Antipyretic Detoxicate Drugs
山柰	Shannai	Kaempferiae Rhizoma	温里药	Warming Interior Drugs
山药	Shanyao	Rhizoma Dioscoreae	补气药	Qi Reinforcing Drugs
山楂叶	Shanzhaye	Crataegi Folium	活血祛瘀药	Blood Activating Stasis Removing Drugs
山茱萸	Shanzhuyu	Cornus Officinalis Sieb. Et Zucc.	收涩药	Astringent Medicinal
商陆	Shanglu	Phytolaccae Radix	通水药	Drastic Purgatives
蛇床子	Shechuangzi	Cnidii Fructus	解毒杀虫燥湿止痒药	Medicinal For Detoxification、Parasiticide、Drying Dampness And Relieving Itching
射干	Shegan	Belamcandae Rhizome	清热解毒药	Antipyretic Detoxicate Drugs
伸筋草	Shenjincao	Rhizome Of Whiteback Greenbrier	祛风湿散寒药	Wind-Dampnessdispelling And Colddispersing Medicinal
升麻	Shengma	Cimicifugae Rhizoma	辛凉解表药	Pungent Cool Diaphoretics
生姜	Shengjiang	Zingiber Officinale Roscoe	辛温解表药	Pungent-Warm Exterior-Releasing Medicinal
十大功劳根	Shidagonglaogen	Mahoniae Eadix	清热解毒药	Antipyretic Detoxicate Drugs
十大功劳叶	Shidagonglaoye	Mahoniae Folum	清热解毒药	Antipyretic Detoxicate Drugs
石菖蒲	Shichangpu	Acoritataninowii Rhizoma	开窍药	Resuscitative Stimulant; Resuscitative Medicinal
石见穿	Shijianchuan	Salviae Chinensis Herba	活血祛瘀药	Blood Activating Stasis Removing Drugs
石榴皮	Shiliupi	Granati Pericarpium	收涩药	Astringent Medicinal
石上柏	Shishangbai	Selaginella Doederleinii Hieron	清热解毒药	Antipyretic Detoxicate Drugs
石韦	Shiwei	Pyrrosiae Folium	利水渗湿药	Diuretic Dampness Excreting Drugs
使君子	Shijunzi	Quisqualis Indica	驱虫药	Antiparasitic Drugs
柿蒂	Shidi	Kaki Calyx	理气药	Qi Regulating Drugs
熟地黄	Shudihuang	Rehmanniae Radix Praeparata	补血药	Blood-Tonifying Medicinal
鼠曲草	Shuqucao	Gnaphalii Affinis Herba	化痰药	Phlegresolving Medicine
水飞蓟	Shuifeiji	Silybum Marianum	清热解毒药	Antipyretic Detoxicate Drugs
水红花子	Shuihonghuazi	Polygoni Orientalis Fructus	活血祛瘀药	Blood Activating Stasis Removing Drugs
四季青	Sijiqing	Ilicis Purpureae Folium	清热解毒药	Antipyretic Detoxicate Drugs
松花粉	Songhuafen	Pine Pollen	收敛止血药	Astringent Hemostatic Medicinal
松节	Songjie	Lignum Pini Nodi	祛风湿散寒药	Wind-Dampnessdispelling And Colddispersing Medicinal
松子仁	Songziren	Semen Pini Koraiensis	润下药	Laxatives
苏合香	Suhexiang	Styrax	开窍药	Resuscitative Stimulant; Resuscitative Medicinal
酸枣仁	Suanzaoren	Ziziphi Spinosae Semen	安神药	Tranguilizing Medicinal
娑罗子	Suoluozi	Semen Aesculi	理气药	Qi Regulating Drugs
太子参	Taizishen	Pseudostellariae Radix	补气药	Qi Reinforcing Drugs
檀香	Tanxiang	Santalum Album L．	理气药	Qi Regulating Drugs
桃仁	Taoren	Persicae Semen	活血祛瘀药	Blood Activating Stasis Removing Drugs
天冬	Tiandong	Asparagi Radix	补阴药	Yin-Tonifying Medicinal
天花粉	Tianhuafen	Trichosanthis Radix	清热泻火药	Fire Purging Drugs
天葵子	Tiankuizi	Semiaquilegiae Radix	清热解毒药	Antipyretic Detoxicate Drugs
天南星	Tiannanxing	Arisaematis Rhizoma	化痰药	Phlegresolving Medicine
天山雪莲	Tianshanxuelian	Saussureae Involucratae Herba	补阳药	Yang Reinforcing Drugs
天仙藤	Tianxianteng	Caulis Aristolochiae	祛风湿散寒药	Wind-Dampnessdispelling And Colddispersing Medicinal
天仙子	Tianxianzi	Hyoscyami Semen	止咳平喘药	Antitussive Antiasthmetics
天竺黄	Tianzhuhuang	Bamusaeconcretiosilicea	化痰药	Phlegresolving Medicine
甜瓜子	Tianguazi	Melo Semen	化痰药	Phlegresolving Medicine
铁丝威灵仙	Tiesiweilingxian	Smilax Scodinicaulis C.H. Wrisht?	祛风湿清热药	Wind-Dampnessdispelling And Heatclearing Medicinal
铁线透骨草	Tiexiantougucao	Herba Clematidis Aethusaefoliae	祛风湿散寒药	Wind-Dampnessdispelling And Colddispersing Medicinal
葶苈子	Tinglizi	Lepidii Semen Descurainiae Semen	止咳平喘药	Antitussive Antiasthmetics
通草	Tongcao	Tetrapanacis Medulla	利水渗湿药	Diuretic Dampness Excreting Drugs
土贝母	Tubeimu	Bolbostemae Paniculati Bulbus	化痰药	Phlegresolving Medicine
土茯苓	Tufuling	Smilacis Glabrae Rhixoma	清热解毒药	Antipyretic Detoxicate Drugs
土荆皮	Tujingpi	Pseudolaricis Cortex	解毒杀虫燥湿止痒药	Medicinal For Detoxification、Parasiticide、Drying Dampness And Relieving Itching
菟丝子	Tusizi	Cuscutae Semen	补阳药	Yang Reinforcing Drugs
瓦楞子	Waleng	Arcae Concha	化痰药	Phlegresolving Medicine
瓦松	Wasong	Cotyledon Fimbriata Turcz.	清热凉血药	Heat Clearing Blood Cooling Drugs
王不留行	Wangbuliuxing	Vaccariae Semen	活血祛瘀药	Blood Activating Stasis Removing Drugs
威灵仙	Weilingxian	Radix Clematidis	祛风湿散寒药	Wind-Dampnessdispelling And Colddispersing Medicinal
委陵菜	Weilingcai	Potentillae Chinensis Herba	清热解毒药	Antipyretic Detoxicate Drugs
乌敛莓	Wulianmei	Cayratiae Japonicae Herba	清热解毒药	Antipyretic Detoxicate Drugs
乌梅	Wumei	Mume Fructus	收涩药	Astringent Medicinal
乌药	Wuyao	Linderae Radix	理气药	Qi Regulating Drugs
无患子	Wuhuanzi	Sapindi Mukorossi Semen	化痰药	Phlegresolving Medicine
无患子皮	Wuhuanzipi	Sapindi Mukorossiperic Arpium	化痰药	Phlegresolving Medicine
吴茱萸	Wuzhuyu	Evodiae Fructus	温里药	Warming Interior Drugs
梧桐子	Wutongzi	Semen Firmianae	消食药	Digestants
五倍子	Wubeizi	Galla Chinensis	收涩药	Astringent Medicinal
西河柳	Xiheliu	Tamaricis Cacumen	辛温解表药	Pungent-Warm Exterior-Releasing Medicinal
西红花	Xihonghua	Croci Stigma	活血祛瘀药	Blood Activating Stasis Removing Drugs
西洋参	Xiyangshen	Panacis Quinquefolii Radix	补气药	Qi Reinforcing Drugs
豨莶草	Xixiancao	Siegesbeckiae Herba	祛风湿清热药	Wind-Dampnessdispelling And Heatclearing Medicinal
细辛	Xixin	Asari Radix Et Rhizoma	辛温解表药	Pungent-Warm Exterior-Releasing Medicinal
夏枯草	Xiakucao	Prunellae Spica	清热泻火药	Fire Purging Drugs
夏天无	Xiatianwu	Corydalis Decumbens(Thunb.)Pers.	祛风湿清热药	Wind-Dampnessdispelling And Heatclearing Medicinal
仙鹤草	Xianhecao	Agrimonia Eupatoria	收敛止血药	Astringent Hemostatic Medicinal
仙茅	Xianmao	Curculiginis Rhizome	补阳药	Yang Reinforcing Drugs
仙桃草	Xiantaocao	Veronicae Peregrinae Herba	活血祛瘀药	Blood Activating Stasis Removing Drugs
相思子	Xiangsizi	Abrus Precatorius L.	清热解毒药	Antipyretic Detoxicate Drugs
香附	Xiangfu	Cyperi Rhizoma	理气药	Qi Regulating Drugs
香加皮	Xiangjiapi	Cortex Periplocae Radicis	祛风湿散寒药	Wind-Dampnessdispelling And Colddispersing Medicinal
香茅	Xiangmao	Cymbopon Citratus(D C.) Stapf	祛风湿散寒药	Wind-Dampnessdispelling And Colddispersing Medicinal
香薷	Xiangru	Moslae Herba	辛温解表药	Pungent-Warm Exterior-Releasing Medicinal
香橼	Xiangyuan	Citri Fructus	理气药	Qi Regulating Drugs
小茴香	Xiaohuixiang	Foeniculi Fructus	温里药	Warming Interior Drugs
小蓟	Xiaoji	Herba Cirsii	凉血止血药	Blood-Cooling Hemostatic Medicinal
小通草	Xiaotongcao	Stachyurimedulla Helwingiaemedulla	利水渗湿药	Diuretic Dampness Excreting Drugs
薤白	Xiebai	Allium Azureum Ledeb.	理气药	Qi Regulating Drugs
辛夷	Xinyi	Magnoliae Flos	辛温解表药	Pungent-Warm Exterior-Releasing Medicinal
徐长卿	Xuchangqing	Radix Cynanchi Paniculati	祛风湿散寒药	Wind-Dampnessdispelling And Colddispersing Medicinal
续断	Xuduan	Dipsaci Radix	补阳药	Yang Reinforcing Drugs
萱草根	Xuancaogen	Hemerocallis Radix	利水渗湿药	Diuretic Dampness Excreting Drugs
玄参	Xuanshen	Figwort Root	清热凉血药	Heat Clearing Blood Cooling Drugs
旋覆花	Xuanfuhua	Inulae Flos	化痰药	Phlegresolving Medicine
寻骨风	Xungufeng	Rhizoma Seu Herba Aristolochiae Mollissimae	祛风湿散寒药	Wind-Dampnessdispelling And Colddispersing Medicinal
鸦胆子	Yadanzi	Bruceae Fructus	清热解毒药	Antipyretic Detoxicate Drugs
鸭跖草	Yazhicao	Commelinae Herba	清热泻火药	Fire Purging Drugs
亚麻子	Yamazi	Semen Lini	润下药	Laxatives
延胡索	Yanhusuo	Corydalis Rhizoma	理气药	Qi Regulating Drugs
洋金花	Yangjinhua	Daturae Flos	止咳平喘药	Antitussive Antiasthmetics
野菊花	Yejuhua	Chrysanthemi Indici Flos	清热解毒药	Antipyretic Detoxicate Drugs
一枝黄花	Yizhihuanghua	Solidaginis Herba	辛凉解表药	Pungent Cool Diaphoretics
伊贝母	Yibeimu	Fritillariae Pallidiflorae Bulbus	化痰药	Phlegresolving Medicine
益母草	Yimucao	Leonuri Herba	活血祛瘀药	Blood Activating Stasis Removing Drugs
益智	Yizhi	Alpiniae Oxyphyliae Fructus	补阳药	Yang Reinforcing Drugs
薏苡仁	Yiyiren	Coicis Semen	利水渗湿药	Diuretic Dampness Excreting Drugs
茵陈	Yinchen	Artemisiae Scopariae Herba	利水渗湿药	Diuretic Dampness Excreting Drugs
银柴胡	Yinchaihu	Gypsophila Licentiana Hand.-Mazz.	清虚热药	Asthenic Heat Dispelling Drugs
银杏叶	Yinxingye	Ginkgo Folium	止咳平喘药	Antitussive Antiasthmetics
淫羊藿	Yinyanghuo	Epimrdii Herba	补阳药	Yang Reinforcing Drugs
罂粟壳	Yingsuke	Papaveris Pericarpium	收涩药	Astringent Medicinal
余甘子	Yuganzi	Phyllanthi Fructus	清热解毒药	Antipyretic Detoxicate Drugs
鱼腥草	Yuxingcao	Houttuyniae Herba	清热解毒药	Antipyretic Detoxicate Drugs
禹州漏芦	Yuzhouloulu	Echinopsis Radix	拔毒化腐生肌药	External Medicinal (Draw Out Toxin, Resolve Putridity)
玉米须	Yumixu	Maydis Seigma	利水渗湿药	Diuretic Dampness Excreting Drugs
玉竹	Yuzhu	Polygonati Odorati Rhizoma	补阴药	Yin-Tonifying Medicinal
郁金	Yujin	Curcumae Radix	活血祛瘀药	Blood Activating Stasis Removing Drugs
郁李仁	Yuliren	Semen Pruni	润下药	Laxatives
预知子	Yuzhizi	Akebiae Frucyus	理气药	Qi Regulating Drugs
芫花	Yuanhua	Flos Genkwa	通水药	Drastic Purgatives
芫荽	Yuansui	Coriandri Sativi Herba	辛温解表药	Pungent-Warm Exterior-Releasing Medicinal
月季花	Yuejihua	Mori Cortex	活血祛瘀药	Blood Activating Stasis Removing Drugs
云芝	Yunzhi	Coriolus	拔毒化腐生肌药	External Medicinal (Draw Out Toxin, Resolve Putridity)
皂荚子	Zaojiazi	Gleditsiae Sinensis Semen	化痰药	Phlegresolving Medicine
皂角刺	Zaojiaoci	Gleditsiae Spina	化痰药	Phlegresolving Medicine
泽兰	Zelan	Lycopi Herba	活血祛瘀药	Blood Activating Stasis Removing Drugs
泽漆	Zeqi	Euphorbiae Helioscopiae Herba	利水渗湿药	Diuretic Dampness Excreting Drugs
泽泻	Zexie	Alisma Orientale (Sam.) Juz.	利水渗湿药	Diuretic Dampness Excreting Drugs
浙贝母	Zhebeimu	Fritillariae Thunbrgii Bulbus	化痰药	Phlegresolving Medicine
知母	Zhimu	Anemarrhenae Rhizoma	清热泻火药	Fire Purging Drugs
栀子	Zhizi	Gardeniae Fructus	清热泻火药	Fire Purging Drugs
枳椇子	Zhijuzi	Hoveniae Dulcis Semen	利水渗湿药	Diuretic Dampness Excreting Drugs
枳壳	Zhike	Aurantii Fructus	理气药	Qi Regulating Drugs
枳实	Zhishi	Aurantii Fructus Immaturus	理气药	Qi Regulating Drugs
肿节风	Zhongjiefeng	Herba Sarcandrae	清热解毒药	Antipyretic Detoxicate Drugs
猪苓	Zhuling	Polyporus Umbellatus(Pers)Fr.	利水渗湿药	Diuretic Dampness Excreting Drugs
猪牙皂	Zhuyazao	Gleditsiae Fructus Abnormalis	化痰药	Phlegresolving Medicine
竹节参	Zhujieshen	Panacis Japonici Rhizoma	补气药	Qi Reinforcing Drugs
竹沥	Zhuli	Bomboo Juice	清热解毒药	Antipyretic Detoxicate Drugs
苎麻根	Zhumagen	Boehmeriae Rhizoma Et Radix	凉血止血药	Blood-Cooling Hemostatic Medicinal
紫草	Zicao	Lithospermum Erythrorhizon	清热凉血药	Heat Clearing Blood Cooling Drugs
紫花地丁	Zihuadiding	Violsse Herba	清热解毒药	Antipyretic Detoxicate Drugs
紫花前胡	Zihuaqianhu	Peucedanidecursivi Radix	化痰药	Phlegresolving Medicine
紫苏	Zisu	Perilla Frutescens	辛温解表药	Pungent-Warm Exterior-Releasing Medicinal
紫苏子	Zisuzi	Perillae Fructus	止咳平喘药	Antitussive Antiasthmetics
紫菀	Ziwan	Asteris Radix Et Rhizoma	止咳平喘药	Antitussive Antiasthmetics
葛根	Gegen	Radix Puerariae	辛温解表药	Pungent-Warm Exterior-Releasing Medicinal
海参	Haishen	Sea Cucumber	其它	Others
灯盏细辛	Dengzhanxixin	Erigeron Breviscapus	辛温解表药	Pungent-Warm Exterior-Releasing Medicinal
蒿本	Haoben	Radix et Rhizoma Ligustici Chinesis	辛温解表药	Pungent-Warm Exterior-Releasing Medicinal
